First_Name,Middle_Initial,Last_Name,Gender,Age,Email,Phone,Prescriptions
Kristian,E,Reed,Male,23,k.reed@randatmail.com,384-5421-34,
Maddie,W,Turner,Female,26,m.turner@randatmail.com,132-3061-34,
Albert,D,Myers,Male,21,a.myers@randatmail.com,422-0748-09,
Daniel,H,Perkins,Male,23,d.perkins@randatmail.com,673-1275-69,
Caroline,W,Foster,Female,27,c.foster@randatmail.com,475-1093-59,
Charlie,B,Hill,Male,23,c.hill@randatmail.com,372-3937-37,
Rosie,H,Robinson,Female,23,r.robinson@randatmail.com,430-4649-81,
Rafael,R,Turner,Male,28,r.turner@randatmail.com,285-1629-39,
Arthur,R,Cole,Male,20,a.cole@randatmail.com,203-5368-79,
Natalie,Q,Lloyd,Female,26,n.lloyd@randatmail.com,679-5594-13,
Brad,S,Campbell,Male,24,b.campbell@randatmail.com,484-1680-15,
Jack,P,Owens,Male,22,j.owens@randatmail.com,838-8704-33,
David,E,Payne,Male,29,d.payne@randatmail.com,273-6733-65,
Vincent,O,Spencer,Male,19,v.spencer@randatmail.com,699-2732-06,
Brianna,G,Sullivan,Female,30,b.sullivan@randatmail.com,910-5810-60,
Sophia,K,Reed,Female,19,s.reed@randatmail.com,143-2996-33,
Amy,E,Craig,Female,19,a.craig@randatmail.com,404-9657-15,
Chloe,S,Higgins,Female,22,c.higgins@randatmail.com,901-1585-93,
Charlie,F,Cole,Male,19,c.cole@randatmail.com,321-5295-28,
Lucas,Y,Johnson,Male,29,l.johnson@randatmail.com,459-7468-90,
Rosie,Q,Craig,Female,77,r.craig@randatmail.com,561-0580-98,
Arianna,M,Richards,Female,77,a.richards@randatmail.com,567-1374-30,
Sam,V,Miller,Male,71,s.miller@randatmail.com,303-0692-05,
Owen,Z,Barnes,Male,77,o.barnes@randatmail.com,061-4885-73,
Maya,X,Martin,Female,74,m.martin@randatmail.com,638-6517-45,
Tony,O,Chapman,Male,79,t.chapman@randatmail.com,440-4329-18,
Ryan,K,Clark,Male,79,r.clark@randatmail.com,567-6785-72,
Deanna,J,Turner,Female,79,d.turner@randatmail.com,297-9029-58,
Brad,I,Nelson,Male,79,b.nelson@randatmail.com,396-2285-50,
Julia,A,Stewart,Female,76,j.stewart@randatmail.com,770-3792-56,
Sam,W,Edwards,Male,77,s.edwards@randatmail.com,358-3420-48,
Chester,E,Clark,Male,78,c.clark@randatmail.com,582-3777-84,
Henry,R,Watson,Male,79,h.watson@randatmail.com,066-3796-14,
Evelyn,T,Harris,Female,78,e.harris@randatmail.com,916-4785-38,
Stuart,Y,Ellis,Male,78,s.ellis@randatmail.com,900-8992-33,
Miley,U,Hamilton,Female,79,m.hamilton@randatmail.com,298-0882-16,
Nicole,I,Jones,Female,72,n.jones@randatmail.com,355-6664-74,
Freddie,O,Taylor,Male,78,f.taylor@randatmail.com,241-1450-33,
Derek,P,Phillips,Male,70,d.phillips@randatmail.com,725-3754-64,
Steven,L,Cameron,Male,73,s.cameron@randatmail.com,930-9192-55,
Carl,K,Farrell,Male,85,c.farrell@randatmail.com,150-4184-70,
Cherry,J,Miller,Female,90,c.miller@randatmail.com,208-3840-87,
Eleanor,H,Grant,Female,85,e.grant@randatmail.com,952-8581-66,
Lucia,G,Baker,Female,89,l.baker@randatmail.com,965-2479-07,
Sofia,F,Campbell,Female,83,s.campbell@randatmail.com,215-5328-94,
Jacob,D,Carter,Male,90,j.carter@randatmail.com,604-7778-07,
Alberta,S,Campbell,Female,84,a.campbell@randatmail.com,053-1080-00,
Edward,A,Barrett,Male,89,e.barrett@randatmail.com,709-4203-68,
Miley,Z,Williams,Female,86,m.williams@randatmail.com,558-7666-75,
Joyce,X,Hunt,Female,90,j.hunt@randatmail.com,033-9554-90,
Alisa,C,Carroll,Female,81,a.carroll@randatmail.com,764-8977-07,
William,V,Montgomery,Male,89,w.montgomery@randatmail.com,490-5933-89,
Lucia,B,Phillips,Female,82,l.phillips@randatmail.com,250-2443-62,
Luke,N,Cameron,Male,81,l.cameron@randatmail.com,296-2795-20,
James,M,Wells,Male,85,j.wells@randatmail.com,023-2627-57,
Adelaide,C,Hall,Female,83,a.hall@randatmail.com,823-5919-68,
Penelope,S,Carroll,Female,89,p.carroll@randatmail.com,892-7553-57,
Carina,S,Richards,Female,90,c.richards@randatmail.com,979-4292-13,
Antony,E,Henderson,Male,88,a.henderson@randatmail.com,527-4832-04,
Wilson,G,Martin,Male,83,w.martin@randatmail.com,921-1880-87,
Hailey,W,Cooper,Female,64,h.cooper@randatmail.com,992-8273-33,
Briony,R,Thompson,Female,61,b.thompson@randatmail.com,570-0102-11,
Lucas,G,Wells,Male,65,l.wells@randatmail.com,091-5325-88,
Isabella,K,Wright,Female,61,i.wright@randatmail.com,031-5898-29,
Derek,I,Perry,Male,70,d.perry@randatmail.com,768-3583-60,
Elise,H,Ellis,Female,61,e.ellis@randatmail.com,773-2041-01,
Lenny,M,Craig,Male,61,l.craig@randatmail.com,190-8394-28,
Carl,N,Harris,Male,66,c.harris@randatmail.com,044-4231-22,
Alen,E,Cooper,Male,70,a.cooper@randatmail.com,985-8006-22,
Mike,I,Watson,Male,66,m.watson@randatmail.com,258-3811-17,
Melanie,F,Robinson,Female,66,m.robinson@randatmail.com,642-2364-10,
Jacob,Q,Hawkins,Male,68,j.hawkins@randatmail.com,995-8764-59,
Jordan,F,Robinson,Male,70,j.robinson@randatmail.com,235-1586-47,
Arnold,E,Craig,Male,65,a.craig@randatmail.com,280-2026-55,
Roland,S,Robinson,Male,60,r.robinson@randatmail.com,049-8322-78,
Haris,W,Clark,Male,64,h.clark@randatmail.com,346-0431-74,
Lily,P,Cole,Female,66,l.cole@randatmail.com,867-6936-40,
Ned,O,Williams,Male,70,n.williams@randatmail.com,795-5164-49,
Jordan,L,Warren,Male,67,j.warren@randatmail.com,186-3774-98,
Vanessa,I,Bailey,Female,60,v.bailey@randatmail.com,522-2293-15,
Leonardo,N,Walker,Male,56,l.walker@randatmail.com,519-9309-08,
Heather,M,Taylor,Female,51,h.taylor@randatmail.com,107-3736-07,
Lily,T,Elliott,Female,60,l.elliott@randatmail.com,836-0118-32,
Brooke,Y,Mason,Female,57,b.mason@randatmail.com,490-2598-09,
Elise,S,Carter,Female,53,e.carter@randatmail.com,886-2380-33,
Max,C,Morgan,Male,56,m.morgan@randatmail.com,394-6763-36,
Adam,V,Elliott,Male,57,a.elliott@randatmail.com,505-5146-37,
Aiden,Z,Morgan,Male,53,a.morgan@randatmail.com,766-5029-71,
Julian,X,Douglas,Male,53,j.douglas@randatmail.com,908-7547-82,
Ned,Y,Phillips,Male,53,n.phillips@randatmail.com,515-1098-91,
Natalie,E,Andrews,Female,58,n.andrews@randatmail.com,565-5959-95,
Caroline,R,Walker,Female,59,c.walker@randatmail.com,117-4291-82,
William,L,Wright,Male,58,w.wright@randatmail.com,587-4701-23,
Lucia,O,Cameron,Female,56,l.cameron@randatmail.com,952-0281-25,
Edward,U,Howard,Male,54,e.howard@randatmail.com,557-2177-90,
Frederick,I,Jones,Male,51,f.jones@randatmail.com,916-7320-75,
Antony,Y,Wilson,Male,57,a.wilson@randatmail.com,279-0807-40,
Alissa,S,Richards,Female,53,a.richards@randatmail.com,411-8601-73,
Cherry,G,Scott,Female,58,c.scott@randatmail.com,454-9246-12,
Henry,D,Crawford,Male,58,h.crawford@randatmail.com,030-3849-72,
Alfred,E,Johnson,Male,45,a.johnson@randatmail.com,074-8499-74,
Fiona,D,Morgan,Female,47,f.morgan@randatmail.com,559-0322-21,
Charlotte,L,Stewart,Female,48,c.stewart@randatmail.com,185-8283-21,
Adrianna,S,Moore,Female,50,a.moore@randatmail.com,966-3896-17,
Sarah,P,Wright,Female,46,s.wright@randatmail.com,889-8794-38,
Frederick,I,Ellis,Male,49,f.ellis@randatmail.com,149-1865-96,
Arianna,L,Holmes,Female,40,a.holmes@randatmail.com,192-3990-54,
Ashton,K,Evans,Male,47,a.evans@randatmail.com,645-5164-82,
Amelia,J,Owens,Female,49,a.owens@randatmail.com,338-5819-83,
Abigail,H,Richards,Female,40,a.richards@randatmail.com,870-1232-18,
Kelvin,M,Johnson,Male,41,k.johnson@randatmail.com,160-4350-38,
Adrian,N,Adams,Male,47,a.adams@randatmail.com,299-6524-96,
Aldus,N,Cole,Male,42,a.cole@randatmail.com,731-3477-13,
Vincent,D,Roberts,Male,49,v.roberts@randatmail.com,188-4573-97,
Chloe,G,Johnston,Female,48,c.johnston@randatmail.com,557-6233-19,
Jasmine,F,Wright,Female,50,j.wright@randatmail.com,995-1236-70,
Samantha,X,Gibson,Female,40,s.gibson@randatmail.com,266-0257-65,
Andrew,S,Cunningham,Male,45,a.cunningham@randatmail.com,517-5040-16,
Lucas,S,Holmes,Male,50,l.holmes@randatmail.com,133-2255-79,
Roman,A,Kelley,Male,41,r.kelley@randatmail.com,466-7910-47,
Ted,A,Riley,Male,37,t.riley@randatmail.com,656-0418-91,
Carl,I,Russell,Male,40,c.russell@randatmail.com,829-4526-49,
Arnold,E,Alexander,Male,39,a.alexander@randatmail.com,510-2150-98,
Evelyn,P,Walker,Female,30,e.walker@randatmail.com,500-9960-51,
Miley,R,Walker,Female,33,m.walker@randatmail.com,087-0093-18,
Aida,W,Myers,Female,30,a.myers@randatmail.com,243-7967-78,
Belinda,U,Hawkins,Female,34,b.hawkins@randatmail.com,913-9999-20,
Aston,H,Brooks,Male,30,a.brooks@randatmail.com,814-2352-71,
Alisa,H,Taylor,Female,37,a.taylor@randatmail.com,693-0022-36,
Arianna,K,Holmes,Female,33,a.holmes@randatmail.com,128-8248-58,
Daryl,J,Rogers,Male,39,d.rogers@randatmail.com,964-5158-91,
Kate,J,Richardson,Female,30,k.richardson@randatmail.com,134-3803-35,
Arthur,I,Chapman,Male,30,a.chapman@randatmail.com,079-2315-57,
Garry,I,Brooks,Male,36,g.brooks@randatmail.com,828-2177-47,
Frederick,K,Thompson,Male,31,f.thompson@randatmail.com,620-8663-72,
Violet,A,Clark,Female,30,v.clark@randatmail.com,633-9508-33,
Lenny,R,Farrell,Male,32,l.farrell@randatmail.com,159-2639-13,
Caroline,A,Stevens,Female,35,c.stevens@randatmail.com,889-9973-88,
Ashton,K,Montgomery,Male,32,a.montgomery@randatmail.com,304-4056-23,
Jacob,A,Farrell,Male,34,j.farrell@randatmail.com,539-7056-10,